City_ID,City,Lat,Lng,Max Temp,Humidity,Cloudiness,Wind Speed,Country,Date
0,port-aux-francais,-49.35,70.2167,3.7,94,100,20.87,TF,2023-10-03 20:03:08
1,waitangi,-43.9535,-176.5597,9.34,79,98,2.68,NZ,2023-10-03 20:03:08
2,bongaree,-27.0797,153.1586,21.79,92,100,1.85,AU,2023-10-03 20:00:09
3,puerto natales,-51.7236,-72.4875,13.25,47,40,12.35,CL,2023-10-03 20:03:09
4,klyuchi,52.2667,79.1667,6.28,51,1,2.64,RU,2023-10-03 20:03:09
5,iqaluit,63.7506,-68.5145,1.85,87,100,9.77,CA,2023-10-03 20:03:09
6,grytviken,-54.2811,-36.5092,2.07,60,100,1.7,GS,2023-10-03 20:03:09
7,atafu village,-8.5421,-172.5159,29.06,76,25,7.93,TK,2023-10-03 20:03:09
8,thompson,55.7435,-97.8558,9.09,93,100,2.06,CA,2023-10-03 20:01:44
9,longyearbyen,78.2186,15.6401,-3.09,63,75,4.63,SJ,2023-10-03 20:03:10
10,albany,42.6001,-73.9662,29.26,64,2,0.89,US,2023-10-03 20:00:02
11,carnarvon,-24.8667,113.6333,19.68,56,0,10.03,AU,2023-10-03 20:00:12
12,jeddah,21.5169,39.2192,30.92,62,0,0.0,SA,2023-10-03 20:03:10
13,hermanus,-34.4187,19.2345,15.46,86,95,4.8,ZA,2023-10-03 20:03:10
14,talnakh,69.4865,88.3972,-0.44,94,100,7.46,RU,2023-10-03 20:03:10
15,tarawa,1.419,172.984,29.05,79,40,2.57,KI,2023-10-03 20:03:10
16,punta arenas,-53.15,-70.9167,11.06,58,40,10.29,CL,2023-10-03 20:03:10
17,koksan,38.7819,126.6664,10.73,87,2,0.22,KP,2023-10-03 20:03:11
18,puerto ayora,-0.7393,-90.3518,30.98,89,80,2.68,EC,2023-10-03 20:03:11
19,ciudad lazaro cardenas,17.9583,-102.2,30.61,66,99,4.04,MX,2023-10-03 19:59:05
20,wailua homesteads,22.0669,-159.378,27.85,65,0,3.6,US,2023-10-03 20:03:11
21,redencao,-4.2258,-38.7306,28.62,53,38,4.67,BR,2023-10-03 20:03:11
22,klaksvik,62.2266,-6.589,8.51,78,94,9.79,FO,2023-10-03 20:03:11
23,bejaia,36.7559,5.0843,23.6,83,0,4.12,DZ,2023-10-03 20:03:11
24,kavaratti,10.5669,72.642,27.24,77,78,2.17,IN,2023-10-03 20:03:12
25,kodiak,57.79,-152.4072,8.73,43,0,6.69,US,2023-10-03 20:03:12
26,kasongo-lunda,-6.4667,16.8167,23.04,95,100,0.96,CD,2023-10-03 20:03:12
27,bubaque,11.2833,-15.8333,27.97,80,99,4.05,GW,2023-10-03 20:03:12
28,navapolatsk,55.5363,28.6424,18.37,58,100,6.93,BY,2023-10-03 20:03:12
29,margaret river,-33.95,115.0667,12.8,69,91,0.71,AU,2023-10-03 20:03:12
30,ribeira brava,32.65,-17.0667,24.35,78,99,2.49,PT,2023-10-03 20:03:12
31,fale old settlement,-9.3852,-171.2468,28.57,78,23,9.05,TK,2023-10-03 20:03:12
32,yelizovo,53.1873,158.3805,8.78,100,75,3.13,RU,2023-10-03 20:03:13
33,kyzyl-suu,42.3414,78.0056,9.41,51,0,2.14,KG,2023-10-03 20:03:13
34,east london,-33.0153,27.9116,19.12,79,30,3.94,ZA,2023-10-03 20:03:13
35,argostolion,38.1811,20.489,20.97,44,0,0.0,GR,2023-10-03 20:03:13
36,zeya,53.75,127.2667,7.16,92,100,0.89,RU,2023-10-03 20:03:13
37,port elizabeth,-33.918,25.5701,18.94,87,40,2.06,ZA,2023-10-03 20:03:13
38,isafjordur,66.0755,-23.124,3.71,98,100,4.93,IS,2023-10-03 20:03:13
39,mirabad,30.4362,61.8383,29.32,13,0,4.25,AF,2023-10-03 20:03:13
40,ushuaia,-54.8,-68.3,10.81,54,40,7.2,AR,2023-10-03 20:01:27
41,alhama de granada,37.0069,-3.9896,24.77,79,100,2.12,ES,2023-10-03 20:03:14
42,tazovsky,67.4667,78.7,1.09,82,8,7.37,RU,2023-10-03 20:03:14
43,tiksi,71.6872,128.8694,-3.18,92,100,2.01,RU,2023-10-03 20:03:14
44,yellowknife,62.456,-114.3525,11.34,80,40,2.06,CA,2023-10-03 20:01:05
45,huayin,34.5675,110.0921,18.65,87,100,1.25,CN,2023-10-03 20:03:14
46,hadibu,12.65,54.0333,26.96,80,2,0.6,YE,2023-10-03 20:03:14
47,edinburgh of the seven seas,-37.0676,-12.3116,9.99,66,82,7.11,SH,2023-10-03 20:03:14
48,gadzhiyevo,69.2551,33.3362,3.5,79,100,1.36,RU,2023-10-03 20:03:14
49,monte alegre,-2.0078,-54.0692,36.23,34,89,3.41,BR,2023-10-03 20:03:15
50,nayoro,44.3506,142.4578,10.59,88,100,1.08,JP,2023-10-03 20:03:15
51,turaif,31.6725,38.6637,21.14,64,75,2.57,SA,2023-10-03 20:03:15
52,west island,-12.1568,96.8225,24.99,69,100,6.69,CC,2023-10-03 20:03:15
53,howrah,22.5892,88.3103,27.0,94,75,3.6,IN,2023-10-03 20:03:15
54,nadym,65.5333,72.5167,0.88,78,33,4.03,RU,2023-10-03 20:03:15
55,bilibino,68.0546,166.4372,-15.02,97,79,2.2,RU,2023-10-03 20:03:15
56,changyon,38.2508,125.0961,15.33,77,6,2.47,KP,2023-10-03 20:00:39
57,constantia,44.1833,28.65,13.38,62,7,3.43,RO,2023-10-03 20:03:13
58,papatowai,-46.5619,169.4708,14.13,29,100,3.57,NZ,2023-10-03 20:03:16
59,gazli,40.1333,63.45,20.06,23,0,4.66,UZ,2023-10-03 20:03:16
60,suva,-18.1416,178.4415,24.71,69,75,6.17,FJ,2023-10-03 20:03:06
61,sisimiut,66.9395,-53.6735,1.79,74,39,2.33,GL,2023-10-03 20:03:16
62,quarai,-30.3875,-56.4514,22.76,72,30,4.66,BR,2023-10-03 20:03:16
63,chonchi,-42.6128,-73.8092,12.84,73,84,0.38,CL,2023-10-03 20:03:17
64,rio grande,-32.035,-52.0986,20.06,85,82,6.12,BR,2023-10-03 20:03:17
65,invercargill,-46.4,168.35,9.63,51,100,5.66,NZ,2023-10-03 20:03:17
66,conception bay south,47.4999,-52.9981,16.14,82,100,3.34,CA,2023-10-03 20:03:17
67,broken hill,-31.95,141.4333,8.01,84,100,8.11,AU,2023-10-03 20:00:44
68,novodolinskiy,49.705,72.7047,2.32,65,1,2.56,KZ,2023-10-03 20:03:17
69,namibe,-15.1961,12.1522,21.43,86,90,3.25,AO,2023-10-03 20:03:18
70,flying fish cove,-10.4217,105.6791,23.82,83,100,6.17,CX,2023-10-03 20:03:18
71,tyukhtet,56.5389,89.3011,3.69,88,15,2.73,RU,2023-10-03 20:03:18
72,adamstown,-25.066,-130.1015,20.49,72,54,8.54,PN,2023-10-03 20:03:18
73,tateyama,34.9833,139.8667,20.05,94,100,3.09,JP,2023-10-03 20:03:18
74,khadan khak,30.7477,67.7085,15.88,21,0,3.48,PK,2023-10-03 20:03:18
75,whitehorse,60.7161,-135.0538,1.17,98,100,4.63,CA,2023-10-03 20:03:18
76,qaqortoq,60.7167,-46.0333,2.49,93,97,0.86,GL,2023-10-03 20:03:19
77,tsiombe,-25.3,45.4833,18.93,62,0,5.11,MG,2023-10-03 20:03:19
78,la passe,45.5549,-0.8967,18.32,69,100,4.67,FR,2023-10-03 20:03:19
79,lebu,-37.6167,-73.65,11.73,62,16,4.61,CL,2023-10-03 20:03:19
80,padang,-0.9492,100.3543,23.03,89,100,1.5,ID,2023-10-03 20:03:19
81,prado,-17.3411,-39.2208,25.57,77,100,7.59,BR,2023-10-03 20:03:19
82,basoko,1.2391,23.616,24.12,86,79,0.78,CD,2023-10-03 20:03:19
83,saipan,15.1355,145.701,27.39,83,40,6.17,MP,2023-10-03 20:03:20
84,khark,29.2614,50.3306,32.54,63,0,6.18,IR,2023-10-03 20:03:20
85,naze,28.3667,129.4833,23.51,88,9,3.24,JP,2023-10-03 20:01:21
86,kaa-khem,51.6833,94.7333,7.45,52,3,1.48,RU,2023-10-03 20:03:20
87,soritor,-6.1392,-77.1039,27.51,71,81,0.92,PE,2023-10-03 20:03:20
88,inhambane,-23.865,35.3833,20.0,77,20,2.24,MZ,2023-10-03 20:03:20
89,morondava,-20.2833,44.2833,25.16,69,25,3.48,MG,2023-10-03 20:03:20
90,bredasdorp,-34.5322,20.0403,13.99,94,84,2.49,ZA,2023-10-03 20:03:20
91,anadyr,64.75,177.4833,1.28,59,0,5.81,RU,2023-10-03 20:03:21
92,st. john's,47.5649,-52.7093,16.27,81,100,3.6,CA,2023-10-03 20:00:08
93,kapuskasing,49.4169,-82.4331,30.05,42,20,6.69,CA,2023-10-03 20:02:06
94,bairnsdale,-37.8333,147.6167,10.59,98,100,0.45,AU,2023-10-03 20:03:21
95,khandyga,62.6667,135.6,5.28,95,100,0.82,RU,2023-10-03 20:03:21
96,tahe,52.3333,124.7333,2.21,83,100,4.5,CN,2023-10-03 20:03:21
97,hawaiian paradise park,19.5933,-154.9731,27.8,77,20,2.57,US,2023-10-03 20:03:21
98,blackmans bay,-43.0167,147.3167,8.62,80,100,0.97,AU,2023-10-03 20:03:21
99,alaghsas,17.0187,8.0168,33.86,22,100,5.4,NE,2023-10-03 20:03:22
100,aghajari,30.7006,49.8315,34.04,17,0,3.04,IR,2023-10-03 20:03:22
101,arraial do cabo,-22.9661,-42.0278,22.98,78,75,4.12,BR,2023-10-03 20:03:22
102,bethel,41.3712,-73.414,28.56,61,0,1.54,US,2023-10-03 20:03:22
103,labytnangi,66.6572,66.4183,2.25,84,100,2.89,RU,2023-10-03 20:03:22
104,college,64.8569,-147.8028,0.04,91,100,3.09,US,2023-10-03 20:00:01
105,olonkinbyen,70.9221,-8.7187,0.8,63,100,6.62,SJ,2023-10-03 20:03:22
106,polyarnyy,69.1989,33.4478,3.73,80,100,1.32,RU,2023-10-03 20:03:22
107,ribeira grande,38.5167,-28.7,22.22,83,75,7.2,PT,2023-10-03 20:03:22
108,grand falls-windsor,48.9332,-55.6649,9.71,96,100,1.92,CA,2023-10-03 20:03:23
109,hasaki,35.7333,140.8333,20.22,59,100,5.44,JP,2023-10-03 20:03:23
110,nampula,-15.1165,39.2666,20.97,73,0,5.81,MZ,2023-10-03 20:03:23
111,tofol,5.3248,163.0078,28.56,73,100,1.03,FM,2023-10-03 20:03:23
112,badger,64.8,-147.5333,-0.01,94,100,3.09,US,2023-10-03 20:03:23
113,smithers,54.7804,-127.1743,10.18,76,100,1.03,CA,2023-10-03 20:00:14
114,vernon,50.2581,-119.2691,18.2,63,45,0.51,CA,2023-10-03 20:00:02
115,saldanha,-33.0117,17.9442,15.1,90,100,4.09,ZA,2023-10-03 20:03:23
116,prieska,-29.6641,22.7474,28.33,22,0,4.09,ZA,2023-10-03 20:03:23
117,karaton,-6.3424,106.1045,22.27,91,99,0.52,ID,2023-10-03 20:03:23
118,iskateley,67.6803,53.1512,3.9,78,100,9.39,RU,2023-10-03 20:03:24
119,gdov,58.7406,27.8122,14.76,93,100,7.59,RU,2023-10-03 20:03:24
120,tannum sands,-23.9504,151.3693,18.75,88,75,1.54,AU,2023-10-03 20:03:24
121,chu,43.5983,73.7614,13.82,38,6,2.66,KZ,2023-10-03 20:03:24
122,pandan,14.0453,124.1694,27.33,83,96,4.37,PH,2023-10-03 20:03:24
123,remire-montjoly,4.9167,-52.2667,31.02,66,20,5.14,GF,2023-10-03 20:03:24
124,ust-nera,64.5667,143.2,-1.55,74,100,1.34,RU,2023-10-03 20:03:24
125,touros,-5.1989,-35.4608,26.64,65,24,6.18,BR,2023-10-03 20:03:24
126,lihue,21.9789,-159.3672,28.19,65,0,3.6,US,2023-10-03 20:03:25
127,avarua,-21.2078,-159.775,23.03,68,100,6.69,CK,2023-10-03 20:03:25
128,luderitz,-26.6481,15.1594,17.87,65,0,5.46,NA,2023-10-03 20:03:25
129,jinchang,38.4953,102.1739,15.22,55,100,3.32,CN,2023-10-03 20:03:25
130,taro,-8.3862,115.28,21.03,94,20,0.51,ID,2023-10-03 20:03:25
131,axim,4.8699,-2.2405,25.37,89,44,3.73,GH,2023-10-03 20:03:25
132,oranjemund,-28.55,16.4333,15.53,79,0,2.78,NA,2023-10-03 20:03:25
133,jaciara,-15.9653,-54.9683,36.69,26,57,4.21,BR,2023-10-03 20:03:25
134,lodja,-3.4833,23.4333,22.06,94,85,1.19,CD,2023-10-03 20:03:26
135,siwa oasis,29.2041,25.5195,25.86,36,93,3.06,EG,2023-10-03 20:03:26
136,malindi,-3.2175,40.1191,24.09,88,75,5.14,KE,2023-10-03 20:03:26
137,jilin,43.0,126.0,8.65,89,10,1.54,CN,2023-10-03 20:03:26
138,udachny,66.4167,112.4,-3.64,85,100,7.16,RU,2023-10-03 20:03:26
139,haiku-pauwela,20.9219,-156.3051,28.01,64,20,3.6,US,2023-10-03 20:03:26
140,riobamba,-1.6667,-78.6333,18.23,49,88,2.96,EC,2023-10-03 19:59:07
141,utrik,11.2278,169.8474,28.6,77,79,8.24,MH,2023-10-03 19:58:27
142,santa elena de uairen,4.6167,-61.1333,28.28,49,97,2.54,VE,2023-10-03 20:03:27
143,east ballina,-28.8667,153.5833,19.89,72,100,6.61,AU,2023-10-03 20:03:27
144,egilsstadir,65.2653,-14.3948,5.95,93,75,5.14,IS,2023-10-03 20:03:27
145,brindisi,40.5833,17.6667,21.2,80,0,1.17,IT,2023-10-03 20:03:27
146,magole,-6.3667,37.3667,23.67,73,100,2.64,TZ,2023-10-03 20:03:27
147,port mathurin,-19.6833,63.4167,23.22,77,2,3.36,MU,2023-10-03 20:03:27
148,korsakov,46.6328,142.7813,12.43,84,7,5.81,RU,2023-10-03 20:03:27
149,hamilton,39.1834,-84.5333,31.84,43,20,2.06,US,2023-10-03 20:02:04
150,teknaf,20.8624,92.3058,25.27,92,91,4.19,BD,2023-10-03 20:03:28
151,enniskillen,54.3461,-7.6413,10.74,92,96,3.1,GB,2023-10-03 20:03:28
152,bouca,6.5105,18.2733,21.8,97,100,0.34,CF,2023-10-03 20:03:28
153,dunedin,-45.8742,170.5036,8.78,75,100,1.62,NZ,2023-10-03 20:01:27
154,tongchuanshi,35.0806,109.0897,16.41,84,100,0.69,CN,2023-10-03 20:03:28
155,novosokol'niki,56.3463,30.1578,16.65,72,100,7.2,RU,2023-10-03 20:03:28
156,susuman,62.7833,148.1667,-1.12,70,31,1.79,RU,2023-10-03 20:03:29
157,veinticinco de mayo,-35.4323,-60.1727,14.43,88,100,1.34,AR,2023-10-03 20:03:29
158,al jawf,29.5,38.75,24.59,41,100,4.06,SA,2023-10-03 20:03:29
159,conceicao da barra,-18.5933,-39.7322,26.29,76,100,6.34,BR,2023-10-03 20:03:29
160,kailua-kona,19.6406,-155.9956,29.77,71,40,4.12,US,2023-10-03 19:59:40
161,vorgashor,67.5833,63.95,-0.11,94,61,4.2,RU,2023-10-03 20:03:29
162,malanje,-9.5402,16.341,24.3,55,69,1.64,AO,2023-10-03 20:03:29
163,vadso,70.0744,29.7487,2.49,87,75,3.6,NO,2023-10-03 20:03:29
164,zuunmod,47.7069,106.9528,-5.43,83,4,1.64,MN,2023-10-03 20:03:30
165,port alfred,-33.5906,26.891,16.77,93,7,3.13,ZA,2023-10-03 20:03:30
166,paka,4.6374,103.4368,24.99,94,69,0.0,MY,2023-10-03 20:03:30
167,tafresh,34.692,50.013,15.12,52,51,8.0,IR,2023-10-03 20:03:30
168,pathardi,19.1667,75.1833,23.88,73,63,2.32,IN,2023-10-03 20:03:30
169,tallinn,59.437,24.7535,16.4,99,75,3.6,EE,2023-10-03 20:03:28
170,cill airne,52.05,-9.5167,10.06,95,73,2.79,IE,2023-10-03 20:03:30
171,gizo,-8.103,156.8419,26.77,84,100,2.15,SB,2023-10-03 20:03:30
172,chulucanas,-5.0925,-80.1625,32.77,39,46,3.39,PE,2023-10-03 20:03:30
173,jamestown,42.097,-79.2353,30.01,44,0,1.54,US,2023-10-03 19:59:19
174,bac kan,22.1333,105.8333,23.37,98,11,0.42,VN,2023-10-03 20:03:31
175,san antonio de pale,-1.4014,5.6325,25.53,80,100,3.79,GQ,2023-10-03 20:03:31
176,weno,7.4515,151.8468,25.97,83,40,0.0,FM,2023-10-03 20:03:31
177,paragominas,-2.9667,-47.4833,34.45,35,88,3.21,BR,2023-10-03 20:01:45
178,oundle,52.4809,-0.4673,13.4,76,62,5.66,GB,2023-10-03 20:03:31
179,youghal,51.95,-7.8506,11.56,100,96,4.93,IE,2023-10-03 20:03:31
180,tataouine,32.9297,10.4518,21.1,68,0,4.69,TN,2023-10-03 20:03:32
181,pariaman,-0.619,100.12,23.03,86,100,3.16,ID,2023-10-03 20:00:41
182,jacmel,18.2342,-72.5347,29.91,72,26,1.84,HT,2023-10-03 20:03:32
183,minas de marcona,-15.2119,-75.1103,16.1,79,74,8.18,PE,2023-10-03 20:03:32
184,tocopilla,-22.092,-70.1979,20.6,65,24,6.96,CL,2023-10-03 20:03:32
185,mogadishu,2.0371,45.3438,26.26,88,84,6.78,SO,2023-10-03 20:03:32
186,georgetown,5.4112,100.3354,26.12,92,20,1.03,MY,2023-10-03 20:01:27
187,kose,40.21,39.6511,8.73,88,100,1.74,TR,2023-10-03 20:03:32
188,nova sintra,14.8667,-24.7167,23.51,78,7,2.41,CV,2023-10-03 20:03:32
189,alice springs,-23.7,133.8833,14.75,33,0,6.69,AU,2023-10-03 20:03:33
190,petropavlovsk-kamchatsky,53.0452,158.6483,8.03,96,75,6.71,RU,2023-10-03 20:03:33
191,collie,-33.3667,116.15,6.81,98,4,0.67,AU,2023-10-03 20:03:33
192,katsuura,35.1333,140.3,20.01,72,100,5.52,JP,2023-10-03 20:03:33
193,santa ana,33.7456,-117.8678,32.14,50,20,4.12,US,2023-10-03 19:59:46
194,lubao,14.9167,120.55,26.04,91,92,2.54,PH,2023-10-03 20:03:33
195,bay roberts,47.5999,-53.2648,16.48,79,100,2.24,CA,2023-10-03 20:03:33
196,miyaly,48.8844,53.7836,15.4,81,100,3.65,KZ,2023-10-03 20:03:33
197,ilulissat,69.2167,-51.1,-0.99,47,20,3.6,GL,2023-10-03 20:03:34
198,huangnihe,43.5583,128.0239,9.84,92,52,2.71,CN,2023-10-03 20:03:34
199,akureyri,65.6835,-18.0878,4.96,93,100,2.06,IS,2023-10-03 20:03:34
200,lufilufi,-13.8745,-171.5986,27.88,83,42,7.53,WS,2023-10-03 20:03:34
201,saint-philippe,-21.3585,55.7679,21.77,89,95,6.46,RE,2023-10-03 20:03:34
202,queenstown,-31.8976,26.8753,17.52,68,0,2.63,ZA,2023-10-03 20:03:34
203,glace bay,46.1969,-59.957,20.44,71,75,7.2,CA,2023-10-03 20:03:34
204,torghay,49.6339,63.4981,11.77,42,15,2.68,KZ,2023-10-03 20:03:34
205,enewetak,11.3474,162.3373,29.18,76,46,7.67,MH,2023-10-03 20:03:35
206,cottonwood,34.7392,-112.0099,25.75,31,0,1.34,US,2023-10-03 20:03:35
207,tweed heads,-28.1817,153.547,21.02,83,40,7.2,AU,2023-10-03 20:00:21
208,luwuk,-0.9516,122.7875,24.55,90,65,1.86,ID,2023-10-03 20:03:35
209,carauari,-4.8828,-66.8958,40.34,20,34,1.12,BR,2023-10-03 20:03:35
210,bulgan,48.8125,103.5347,2.66,67,0,0.93,MN,2023-10-03 20:03:35
211,askoy,60.4092,5.226,11.64,100,75,4.12,NO,2023-10-03 20:03:35
212,westport,41.1415,-73.3579,29.15,64,3,2.68,US,2023-10-03 19:59:53
213,sechura,-5.5569,-80.8222,26.58,55,100,7.9,PE,2023-10-03 20:03:35
214,opuwo,-18.0607,13.84,26.75,35,74,2.24,NA,2023-10-03 20:03:36
215,taoudenni,22.6783,-3.9836,34.97,14,2,5.6,ML,2023-10-03 20:03:36
216,tolanaro,-25.0319,46.9987,20.04,73,75,3.6,MG,2023-10-03 20:03:36
217,xudat,41.631,48.681,17.59,86,100,4.57,AZ,2023-10-03 20:03:36
218,gambela,8.25,34.5833,21.94,96,100,1.66,ET,2023-10-03 20:03:36
219,gaziantep,37.0594,37.3825,14.96,88,40,0.51,TR,2023-10-03 20:03:36
220,ta`u,-14.2336,-169.5144,26.83,82,29,8.18,AS,2023-10-03 20:03:36
221,kolpny,52.2282,37.0368,8.78,72,12,3.51,RU,2023-10-03 20:03:37
222,settat,33.0007,-7.6204,22.9,44,0,4.08,MA,2023-10-03 20:03:37
223,palikir - national government center,6.9248,158.1611,24.41,100,40,1.54,FM,2023-10-03 20:03:37
224,ponta delgada,37.7333,-25.6667,23.99,94,75,4.63,PT,2023-10-03 20:03:37
225,howard springs,-12.497,131.047,26.95,78,93,1.78,AU,2023-10-03 20:03:37
226,talcahuano,-36.7167,-73.1167,13.82,62,40,4.12,CL,2023-10-03 20:02:46
227,paita,-5.0892,-81.1144,22.46,72,98,8.09,PE,2023-10-03 20:03:37
228,bel ombre,-4.6167,55.4167,26.91,74,20,6.17,SC,2023-10-03 20:03:37
229,juneau,58.3019,-134.4197,10.68,100,100,3.24,US,2023-10-03 20:00:55
230,fisterra,42.9049,-9.2629,20.01,79,68,8.91,ES,2023-10-03 20:03:38
231,afif,23.9065,42.9172,27.47,13,0,2.77,SA,2023-10-03 20:03:38
232,hithadhoo,-0.6,73.0833,27.73,79,25,4.96,MV,2023-10-03 20:03:38
233,banda aceh,5.5577,95.3222,26.29,84,100,4.01,ID,2023-10-03 20:03:38
234,svalyava,48.5485,22.9958,13.61,71,4,1.65,UA,2023-10-03 20:03:38
235,al 'aziziyah,32.9058,45.0616,26.92,43,99,4.49,IQ,2023-10-03 20:03:38
236,keflavik,64.0049,-22.5624,7.95,75,20,0.0,IS,2023-10-03 20:03:38
237,kapa'a,22.0752,-159.319,28.6,63,0,3.6,US,2023-10-03 20:03:38
238,jiagedaqi,50.4167,124.1167,5.32,93,100,2.85,CN,2023-10-03 20:03:38
239,kyakhta,50.3508,106.4494,1.07,82,11,1.52,RU,2023-10-03 20:03:39
240,stanley,54.868,-1.6985,11.51,85,20,4.12,GB,2023-10-03 20:03:39
241,karkira,36.9292,6.5856,21.08,78,0,1.36,DZ,2023-10-03 20:03:39
242,fort bragg,35.139,-79.006,29.08,52,20,4.12,US,2023-10-03 20:03:39
243,yima,34.7381,111.8839,18.13,78,100,0.48,CN,2023-10-03 20:03:39
244,papao,-17.75,-149.55,27.82,82,10,9.69,PF,2023-10-03 19:58:49
245,cambria,35.5641,-121.0808,28.76,50,34,3.73,US,2023-10-03 20:03:39
246,vilcun,-38.65,-72.2333,13.41,55,14,1.92,CL,2023-10-03 20:03:39
247,tahoua,14.8888,5.2692,31.28,37,77,5.39,NE,2023-10-03 20:03:39
248,jinan,36.6683,116.9972,18.92,59,66,1.0,CN,2023-10-03 20:03:40
249,lulea,65.5842,22.1547,8.04,93,75,2.06,SE,2023-10-03 20:03:40
250,mount pearl,47.5166,-52.7813,15.81,81,100,3.6,CA,2023-10-03 20:01:11
251,nogliki,51.8333,143.1667,7.41,86,9,7.6,RU,2023-10-03 20:00:09
252,gulf shores,30.246,-87.7008,31.88,62,0,5.66,US,2023-10-03 20:03:40
253,el porvenir,13.7617,-87.3458,31.63,76,100,0.94,HN,2023-10-03 20:03:40
254,saint-francois,46.4154,3.9054,13.69,88,0,1.03,FR,2023-10-03 20:03:40
255,sitka,57.0531,-135.33,10.94,82,100,7.2,US,2023-10-03 20:03:40
256,kristiansund,63.1115,7.732,10.36,93,75,4.12,NO,2023-10-03 19:58:48
257,dwarka,22.2394,68.9678,26.52,74,9,3.44,IN,2023-10-03 20:03:41
258,kingston,17.997,-76.7936,32.91,73,20,4.12,JM,2023-10-03 20:00:17
259,codrington,-38.2667,141.9667,6.76,84,48,1.03,AU,2023-10-03 20:03:41
260,raduzhny,62.0961,77.475,4.27,77,31,2.29,RU,2023-10-03 20:03:41
261,ko pha ngan,9.7578,100.0291,23.32,90,100,7.2,TH,2023-10-03 20:03:41
262,mokhsogollokh,61.4681,128.9203,-0.98,75,100,1.88,RU,2023-10-03 20:03:41
263,new norfolk,-42.7826,147.0587,9.28,85,99,0.3,AU,2023-10-03 19:58:51
264,alexandria,31.2156,29.9553,25.3,63,94,3.94,EG,2023-10-03 20:02:02
265,kayyerkan,69.3786,87.7439,-0.39,100,95,8.52,RU,2023-10-03 20:03:41
266,guilin,25.2819,110.2864,25.06,90,78,1.79,CN,2023-10-03 20:00:50
267,bitam,2.076,11.5007,21.17,99,96,1.58,GA,2023-10-03 20:03:42
268,mata-utu,-13.2816,-176.1745,27.2,83,64,9.31,WF,2023-10-03 20:03:42
269,iquitos,-3.7481,-73.2472,36.02,44,40,3.6,PE,2023-10-03 20:03:42
270,baglung,28.2719,83.5898,19.46,94,100,1.82,NP,2023-10-03 20:03:42
271,refahiye,39.9008,38.7667,7.71,93,89,1.66,TR,2023-10-03 20:03:42
272,san julian,21.0167,-102.1667,27.31,32,99,3.08,MX,2023-10-03 20:03:42
273,armacao de buzios,-22.7469,-41.8817,23.09,87,71,3.47,BR,2023-10-03 20:03:42
274,labrador city,52.9463,-66.9114,8.95,49,0,3.6,CA,2023-10-03 20:00:15
275,castilho,-20.8722,-51.4875,36.64,27,35,5.52,BR,2023-10-03 20:03:42
276,hilo,19.7297,-155.09,28.12,73,20,2.57,US,2023-10-03 20:03:43
277,geraldton,-28.7667,114.6,9.23,93,0,4.63,AU,2023-10-03 20:03:43
278,port lincoln,-34.7333,135.8667,10.43,61,40,7.01,AU,2023-10-03 20:03:43
279,porto velho,-8.7619,-63.9039,34.03,52,20,5.14,BR,2023-10-03 20:03:22
280,camana,-16.6228,-72.7111,19.72,85,88,5.28,PE,2023-10-03 20:03:43
281,jiuquan,39.7432,98.5174,11.91,46,100,1.54,CN,2023-10-03 20:03:43
282,newman,37.3138,-121.0208,28.92,32,3,0.89,US,2023-10-03 20:03:43
283,caleta de carquin,-11.0925,-77.6267,20.86,79,83,5.18,PE,2023-10-03 20:03:43
284,santa ana de yacuma,-13.75,-65.4333,37.97,37,40,7.72,BO,2023-10-03 20:03:43
285,tura,25.5198,90.2201,23.12,93,100,2.4,IN,2023-10-03 20:03:44
286,dawesville,30.9224,-84.0091,30.09,36,0,4.12,US,2023-10-03 20:03:44
287,lemvig,56.5486,8.3102,13.97,85,8,9.92,DK,2023-10-03 20:03:44
288,antsiranana,-12.2787,49.2917,23.56,77,9,8.23,MG,2023-10-03 20:03:44
289,uturoa,-16.7333,-151.4333,25.9,81,13,8.59,PF,2023-10-03 20:03:44
290,palmer,42.1584,-72.3287,28.47,57,20,2.57,US,2023-10-03 20:03:18
291,krasnozavodsk,56.45,38.2167,13.32,75,100,5.35,RU,2023-10-03 20:03:44
292,belmonte,-15.8631,-38.8828,25.56,77,88,5.4,BR,2023-10-03 20:02:07
293,shingu,33.7333,135.9833,20.69,93,85,1.58,JP,2023-10-03 20:03:44
294,coahuayana de hidalgo,18.7,-103.6583,32.09,62,100,3.22,MX,2023-10-03 20:03:45
295,novokayakent,42.3937,47.9861,18.24,80,100,4.13,RU,2023-10-03 20:03:45
296,bani,18.2833,-70.3333,35.69,68,68,2.99,DO,2023-10-03 20:03:45
297,radyvyliv,50.1299,25.2558,14.74,65,64,4.11,UA,2023-10-03 20:03:45
298,vilhena,-12.7406,-60.1458,34.12,46,40,4.12,BR,2023-10-03 20:02:07
299,feijo,-8.1642,-70.3536,34.74,40,99,1.17,BR,2023-10-03 20:03:45
300,zaigrayevo,51.8336,108.2703,0.21,93,40,2.06,RU,2023-10-03 20:03:45
301,saint-joseph,-21.3667,55.6167,21.21,88,80,6.28,RE,2023-10-03 20:03:45
302,cascais,38.6979,-9.4215,22.92,76,20,7.6,PT,2023-10-03 20:03:45
303,shahrud,36.4182,54.9763,19.05,30,53,3.33,IR,2023-10-03 20:03:46
304,mejit,10.2753,170.8646,28.55,78,37,8.02,MH,2023-10-03 20:03:46
305,amahai,-3.3333,128.9167,24.82,88,100,1.33,ID,2023-10-03 20:03:46
306,cockburn town,21.4612,-71.1419,29.19,73,91,5.83,TC,2023-10-03 20:03:46
307,coquimbo,-29.9533,-71.3436,18.85,48,20,6.17,CL,2023-10-03 20:03:16
308,bikenibeu village,1.3673,173.1241,28.98,79,40,2.57,KI,2023-10-03 20:03:46
309,darwin,-12.4611,130.8418,26.99,78,56,3.6,AU,2023-10-03 20:00:08
310,krasnyye baki,57.131,45.1599,10.39,74,100,3.84,RU,2023-10-03 20:03:46
311,dzialoszyn,51.117,18.8652,20.42,52,83,9.61,PL,2023-10-03 20:03:46
312,pontes e lacerda,-15.2261,-59.3353,40.04,21,71,5.0,BR,2023-10-03 19:59:21
313,marsh harbour,26.5412,-77.0636,27.3,68,5,5.54,BS,2023-10-03 20:03:47
314,suklayin,15.7574,121.5503,26.26,87,99,4.18,PH,2023-10-03 20:03:47
315,ulladulla,-35.35,150.4667,18.76,55,100,4.09,AU,2023-10-03 20:03:47
316,edson,53.5835,-116.4356,13.06,50,0,3.09,CA,2023-10-03 20:03:47
317,arari,-3.4536,-44.78,31.36,53,99,4.44,BR,2023-10-03 19:59:21
318,terme,41.2092,36.9739,15.96,79,98,3.0,TR,2023-10-03 20:03:47
319,simanggang,1.2472,111.4528,25.01,100,98,0.0,MY,2023-10-03 20:03:47
320,sambava,-14.2667,50.1667,22.3,87,3,5.86,MG,2023-10-03 20:03:47
321,arkhangel'sk,64.5401,40.5433,6.74,79,100,2.81,RU,2023-10-03 20:03:47
322,mabaruma,8.2,-59.7833,31.85,61,95,4.22,GY,2023-10-03 20:03:48
323,gubbi,13.3106,76.9444,21.54,89,100,2.44,IN,2023-10-03 20:03:48
324,sumbawa besar,-8.5,117.4333,21.87,88,19,1.72,ID,2023-10-03 20:03:48
325,selfoss,63.9331,-20.9971,7.25,83,100,3.73,IS,2023-10-03 20:03:48
326,javanrud,34.7961,46.5172,13.11,81,31,1.46,IR,2023-10-03 20:03:48
327,abashiri,44.0213,144.2697,10.56,82,96,2.74,JP,2023-10-03 20:02:36
328,kalianget,-7.05,113.9333,26.25,81,62,4.49,ID,2023-10-03 20:03:48
329,tangalle,6.024,80.7911,24.85,89,97,2.34,LK,2023-10-03 20:03:48
330,afaahiti,-17.75,-149.2833,27.93,85,4,8.59,PF,2023-10-03 20:03:49
331,doka,13.5167,35.7667,26.94,56,1,2.31,SD,2023-10-03 20:03:49
332,sola,-13.8833,167.55,24.78,86,100,9.89,VU,2023-10-03 20:03:49
333,praya,14.9215,-23.5087,28.3,74,0,2.06,CV,2023-10-03 20:02:00
334,zaozersk,69.4005,32.4476,2.68,83,100,0.94,RU,2023-10-03 20:03:49
335,ola,59.5833,151.2833,6.34,59,71,4.46,RU,2023-10-03 20:03:49
336,lianzhou,24.7811,112.3825,24.1,94,85,1.5,CN,2023-10-03 20:03:49
337,abadeh,31.1608,52.6506,18.96,28,0,1.78,IR,2023-10-03 20:03:49
338,urangan,-25.3,152.9,20.94,81,33,4.5,AU,2023-10-03 20:03:49
339,namsos,64.4662,11.4957,8.03,93,40,3.6,NO,2023-10-03 20:03:50
340,miracema do tocantins,-9.5618,-48.3967,40.68,15,29,3.03,BR,2023-10-03 20:03:50
341,sokone,13.8833,-16.3667,32.94,79,25,3.23,SN,2023-10-03 20:03:50
342,malango,-2.9627,119.9001,18.81,97,91,1.01,ID,2023-10-03 20:03:50
343,kenai,60.5544,-151.2583,7.3,51,0,3.09,US,2023-10-03 20:03:50
344,itoman,26.1247,127.6694,29.43,91,75,5.66,JP,2023-10-03 20:03:50
345,colonia,50.9333,6.95,14.36,78,0,3.12,DE,2023-10-03 20:03:50
346,el sauzal de rodriguez,31.9,-116.6833,21.34,73,0,4.12,MX,2023-10-03 20:03:50
347,greymouth,-42.4667,171.2,9.07,64,99,2.94,NZ,2023-10-03 20:00:21
348,bengkulu,-3.8004,102.2655,22.53,95,100,2.33,ID,2023-10-03 20:03:51
349,natal,-5.795,-35.2094,28.12,65,20,6.69,BR,2023-10-03 20:00:27
350,taitung city,22.7583,121.1444,28.15,83,75,2.06,TW,2023-10-03 20:03:51
351,ciudad insurgentes,25.2625,-111.7753,31.0,31,53,4.77,MX,2023-10-03 20:03:51
352,gebeit,21.0667,36.3167,27.29,46,0,2.1,SD,2023-10-03 20:03:51
353,sovetskiy,61.3614,63.5842,11.61,72,100,1.79,RU,2023-10-03 20:01:04
354,harstad,68.799,16.5293,6.56,98,100,4.02,NO,2023-10-03 20:03:51
355,tan-tan,28.438,-11.1032,26.35,39,2,4.62,MA,2023-10-03 20:03:51
356,bafoulabe,13.8065,-10.8321,27.04,76,100,1.93,ML,2023-10-03 20:03:51
357,cuajinicuilapa,16.4667,-98.4167,33.64,53,37,4.78,MX,2023-10-03 20:03:52
358,brokopondo,4.75,-55.1667,34.15,46,100,0.71,SR,2023-10-03 20:02:16
359,tabuk,17.4189,121.4443,24.13,85,100,1.58,PH,2023-10-03 20:03:52
360,ceeldheer,3.8488,47.1806,26.29,88,49,4.57,SO,2023-10-03 20:03:52
361,waingapu,-9.6567,120.2641,24.71,84,1,1.48,ID,2023-10-03 20:03:52
362,roma,43.2128,-75.4557,28.84,63,0,3.6,US,2023-10-03 20:00:58
363,toliara,-23.35,43.6667,25.14,43,0,5.54,MG,2023-10-03 20:03:52
364,cabo san lucas,22.8909,-109.9124,34.78,62,35,4.92,MX,2023-10-03 19:59:03
365,san patricio,28.017,-97.5169,33.99,54,68,3.96,US,2023-10-03 20:03:52
366,saint croix,17.7397,-64.7388,27.25,94,100,6.17,VI,2023-10-03 20:03:53
367,garoowe,8.4054,48.4845,26.25,70,78,6.81,SO,2023-10-03 20:03:53
368,margherita,27.2833,95.6833,23.57,99,49,1.3,IN,2023-10-03 20:03:53
369,ha'il,27.5219,41.6907,32.01,18,75,6.17,SA,2023-10-03 20:03:53
370,dinghaicun,26.2847,119.7936,25.51,80,23,7.92,CN,2023-10-03 20:03:53
371,kavieng,-2.5744,150.7967,27.21,81,51,2.95,PG,2023-10-03 20:03:53
372,tralee,52.2704,-9.7026,11.75,89,77,4.09,IE,2023-10-03 20:03:53
373,myeik,12.4333,98.6,25.5,89,100,1.92,MM,2023-10-03 20:03:53
374,nabire,-3.3667,135.4833,23.82,90,79,1.78,ID,2023-10-03 20:03:54
375,kirillov,59.863,38.3813,11.1,91,100,3.52,RU,2023-10-03 20:03:54
376,bandarbeyla,9.4942,50.8122,26.45,88,34,4.11,SO,2023-10-03 20:03:54
377,eureka,40.8021,-124.1637,16.22,92,98,2.68,US,2023-10-03 20:02:14
378,fortaleza,-3.7227,-38.5247,28.07,69,20,5.66,BR,2023-10-03 19:59:19
379,spring creek,40.7266,-115.5859,11.83,63,100,3.39,US,2023-10-03 20:03:54
380,margate,51.3813,1.3862,14.37,71,50,1.34,GB,2023-10-03 20:03:54
381,ancud,-41.8697,-73.8203,10.67,64,36,3.41,CL,2023-10-03 20:03:10
382,cotonou,6.3654,2.4183,26.71,82,100,4.4,BJ,2023-10-03 20:03:54
383,lumphat,13.4878,106.9816,23.58,98,100,0.4,KH,2023-10-03 20:03:54
384,derzhavinsk,51.1,66.3167,10.07,44,59,2.47,KZ,2023-10-03 20:03:55
385,basi,26.8333,76.0333,26.19,24,0,2.37,IN,2023-10-03 20:03:55
386,mindif,10.3976,14.4363,28.5,55,68,1.27,CM,2023-10-03 20:03:55
387,nova paka,50.4945,15.515,18.26,82,100,8.18,CZ,2023-10-03 20:03:55
388,turkmenbasy,40.0222,52.9552,20.43,68,0,4.12,TM,2023-10-03 20:03:55
389,peniche,39.3558,-9.3811,20.72,91,100,5.48,PT,2023-10-03 20:03:55
390,holualoa,19.6228,-155.9522,26.97,71,20,4.63,US,2023-10-03 20:03:55
391,clorinda,-25.2848,-57.7185,40.09,34,100,3.08,AR,2023-10-03 20:01:03
392,biesenthal,52.7662,13.6442,16.58,71,100,5.87,DE,2023-10-03 20:03:55
393,nakhon si thammarat,8.25,100.0,25.35,83,100,1.21,TH,2023-10-03 20:03:56
394,dasht-e archi,37.1333,69.1667,20.85,21,0,2.32,AF,2023-10-03 20:03:56
395,de aar,-30.6497,24.0123,25.97,22,0,4.19,ZA,2023-10-03 20:03:56
396,bonito,-21.1211,-56.4819,39.73,22,50,5.37,BR,2023-10-03 20:02:17
397,misratah,32.3754,15.0925,24.3,63,0,4.48,LY,2023-10-03 20:03:56
398,kondoa,-4.9,35.7833,19.26,60,26,3.8,TZ,2023-10-03 20:03:56
399,angaur state,6.906,134.13,26.47,85,100,4.42,PW,2023-10-03 20:03:56
400,prince rupert,54.3161,-130.3201,11.05,93,100,13.89,CA,2023-10-03 20:03:56
401,chenaran,36.6455,59.1212,17.71,26,47,1.32,IR,2023-10-03 20:03:56
402,bodo,67.28,14.405,8.02,94,75,3.6,NO,2023-10-03 20:03:57
403,alesund,62.4723,6.1549,12.64,88,75,8.23,NO,2023-10-03 20:03:57
404,caninde,-4.3589,-39.3117,34.33,29,52,3.14,BR,2023-10-03 20:02:41
405,lompoc,34.6391,-120.4579,30.43,58,0,3.6,US,2023-10-03 20:00:38
406,funtua,11.5233,7.3081,23.46,68,100,1.53,NG,2023-10-03 20:03:57
407,hovsan,40.3744,50.0853,19.07,82,20,8.23,AZ,2023-10-03 20:03:57
408,acapulco de juarez,16.8634,-99.8901,30.9,70,75,4.12,MX,2023-10-03 20:03:39
409,villa union,23.2,-106.2333,33.84,75,75,0.0,MX,2023-10-03 20:03:57
410,sovetskaya gavan',48.9723,140.2878,5.61,76,43,1.48,RU,2023-10-03 20:03:57
411,cidreira,-30.1811,-50.2056,17.36,82,100,6.33,BR,2023-10-03 20:01:46
412,rio gallegos,-51.6226,-69.2181,17.03,31,40,7.2,AR,2023-10-03 20:01:15
413,saint-georges,12.0564,-61.7485,30.82,74,40,7.72,GD,2023-10-03 20:01:14
414,kayangel,8.0823,134.7173,26.11,84,100,3.47,PW,2023-10-03 20:03:58
415,hammerfest,70.6634,23.6821,2.25,87,75,1.54,NO,2023-10-03 20:03:58
416,mariental,-24.6333,17.9667,30.22,18,100,3.3,NA,2023-10-03 20:03:58
417,arteche,12.2645,125.4048,25.96,87,100,2.19,PH,2023-10-03 20:03:58
418,harper,4.375,-7.7169,24.99,81,11,3.83,LR,2023-10-03 20:03:58
419,tymovskoye,50.8456,142.655,4.18,97,37,0.38,RU,2023-10-03 20:03:58
420,vetovo,43.7,26.2667,14.4,48,8,3.28,BG,2023-10-03 20:03:59
421,asheboro,35.7079,-79.8136,27.5,54,75,2.06,US,2023-10-03 20:00:23
422,bridgewater,44.3835,-64.5155,26.79,58,12,7.2,CA,2023-10-03 20:03:59
423,tazacorte,28.629,-17.9293,24.54,83,20,6.17,ES,2023-10-03 20:03:59
424,nha trang,12.25,109.1833,26.0,92,58,1.77,VN,2023-10-03 20:03:59
425,murray bridge,-35.1167,139.2667,7.41,80,82,2.75,AU,2023-10-03 20:03:59
426,xai-xai,-25.0519,33.6442,18.39,79,0,3.68,MZ,2023-10-03 20:03:59
427,balikpapan,-1.2675,116.8289,25.55,94,20,2.06,ID,2023-10-03 20:03:59
428,aljezur,37.3191,-8.8033,20.59,72,65,2.97,PT,2023-10-03 20:04:00
429,chernyshevskiy,63.0128,112.4714,-2.35,90,100,3.4,RU,2023-10-03 20:04:00
430,decazeville,44.5605,2.2509,17.73,91,78,0.73,FR,2023-10-03 20:04:00
431,mar del plata,-38.0023,-57.5575,14.18,92,100,3.6,AR,2023-10-03 20:02:20
432,port macquarie,-31.4333,152.9167,17.72,76,3,8.46,AU,2023-10-03 19:58:32
433,troitskoye,52.9821,84.6757,4.75,70,8,2.83,RU,2023-10-03 20:04:00
434,hanceville,34.0607,-86.7675,30.28,25,0,3.52,US,2023-10-03 20:00:34
435,tampakan,6.4442,124.9264,23.82,97,62,0.66,PH,2023-10-03 20:04:01
436,didim,37.3756,27.2678,21.78,54,0,4.44,TR,2023-10-03 20:04:01
437,dzhambeyty,50.2536,52.595,14.86,81,100,5.12,KZ,2023-10-03 20:04:01
438,progreso,21.2833,-89.6667,33.06,67,8,5.99,MX,2023-10-03 20:04:01
439,motueka,-41.1333,173.0167,8.31,62,3,1.42,NZ,2023-10-03 20:04:01
440,manjeshvar,12.7,74.8833,25.66,91,52,1.23,IN,2023-10-03 20:04:01
441,gladstone,-23.85,151.25,18.77,88,75,1.54,AU,2023-10-03 20:04:02
442,brookings,44.3114,-96.7984,26.32,55,20,9.26,US,2023-10-03 19:59:35
443,kununurra,-15.7667,128.7333,24.99,83,100,0.0,AU,2023-10-03 20:04:02
444,ifrane,33.3333,-5.25,19.44,30,100,3.49,MA,2023-10-03 20:04:02
445,sidareja,-7.4846,108.7923,22.15,98,100,0.75,ID,2023-10-03 20:04:03
446,portland,45.5234,-122.6762,19.17,87,75,3.09,US,2023-10-03 19:54:29
447,barah,13.7,30.3667,32.0,40,52,4.78,SD,2023-10-03 20:04:03
448,vallenar,-28.5708,-70.7581,15.88,46,4,4.1,CL,2023-10-03 20:00:07
449,magadan,59.5667,150.8,6.01,66,77,2.24,RU,2023-10-03 20:04:04
450,ostersund,63.1792,14.6357,6.25,93,0,2.57,SE,2023-10-03 20:04:05
451,pierre,44.3683,-100.351,26.03,33,3,4.92,US,2023-10-03 20:00:07
452,vilyuchinsk,52.9306,158.4028,8.85,85,99,2.96,RU,2023-10-03 20:04:05
453,svetlyy,54.675,20.1347,19.09,68,100,11.84,RU,2023-10-03 20:04:05
454,puerto el triunfo,13.2833,-88.55,30.07,74,99,2.63,SV,2023-10-03 20:04:06
455,brezina,33.0989,1.2608,25.04,33,0,2.72,DZ,2023-10-03 20:04:06
456,stephenville,32.2207,-98.2023,32.65,41,0,4.12,US,2023-10-03 20:04:06
457,nicoya,10.1483,-85.452,28.67,80,100,2.7,CR,2023-10-03 20:04:06
458,lokomotivnyy,53.0118,60.5684,10.78,61,100,3.58,RU,2023-10-03 20:04:06
459,laguna,38.421,-121.4238,27.58,37,0,1.54,US,2023-10-03 20:00:13
460,bonthe,7.5264,-12.505,25.73,87,97,3.63,SL,2023-10-03 20:04:06
461,ingeniero jacobacci,-41.3427,-69.5448,12.62,33,98,5.46,AR,2023-10-03 20:04:07
462,iguape,-24.7081,-47.5553,21.43,83,24,4.76,BR,2023-10-03 20:04:07
463,xichang,27.8964,102.2634,20.63,88,97,0.83,CN,2023-10-03 20:04:07
464,massaguet,12.4755,15.4365,32.52,30,64,3.25,TD,2023-10-03 20:04:07
465,el granada,37.5027,-122.4694,28.67,68,0,2.57,US,2023-10-03 20:04:07
466,cajazeiras,-6.8903,-38.5553,34.67,21,32,3.88,BR,2023-10-03 20:04:07
467,kharp,66.8014,65.8081,1.27,82,100,1.88,RU,2023-10-03 20:04:07
468,ke-macina,13.9623,-5.3572,32.68,35,84,0.95,ML,2023-10-03 20:04:07
469,fort st. john,56.2499,-120.8529,11.94,50,75,9.26,CA,2023-10-03 20:00:08
470,sulak,43.2734,47.5146,17.85,83,99,7.27,RU,2023-10-03 20:04:08
471,bedesa,8.9,40.7833,16.79,73,29,1.11,ET,2023-10-03 20:04:08
472,mutuali,-14.8706,37.0044,19.87,74,0,1.65,MZ,2023-10-03 20:04:08
473,nemuro,43.3236,145.575,13.42,74,100,1.65,JP,2023-10-03 20:04:08
474,lautoka,-17.6167,177.4667,22.92,73,75,2.57,FJ,2023-10-03 20:04:08
475,murun-kuren,49.6342,100.1625,2.97,51,0,0.67,MN,2023-10-03 20:04:08
476,aasiaat,68.7098,-52.8699,-5.12,65,26,2.94,GL,2023-10-03 20:04:09
477,tadine,-21.55,167.8833,21.3,76,48,9.57,NC,2023-10-03 20:04:09
478,bol'shoye boldino,55.0059,45.3142,7.73,87,94,2.68,RU,2023-10-03 20:04:09
479,lapa,-25.7697,-49.7158,23.85,72,97,1.25,BR,2023-10-03 20:04:09
480,happy valley-goose bay,53.3168,-60.3315,8.17,46,75,7.72,CA,2023-10-03 20:04:09
481,amos,48.5669,-78.1162,26.72,49,41,3.78,CA,2023-10-03 20:01:34
482,tari,12.4086,4.4914,26.57,64,65,2.76,NG,2023-10-03 20:04:09
483,uyuni,-20.4597,-66.825,18.48,10,12,8.95,BO,2023-10-03 20:04:10
484,crane,31.3974,-102.3501,32.19,36,29,3.61,US,2023-10-03 20:04:10
485,meulaboh,4.1363,96.1285,25.48,85,99,2.26,ID,2023-10-03 20:04:10
486,thisted,56.9552,8.6949,13.97,82,6,9.89,DK,2023-10-03 20:04:10
487,manokwari,-0.8667,134.0833,25.68,76,99,0.41,ID,2023-10-03 20:04:10
488,victorica,-36.2151,-65.4359,13.06,78,100,0.97,AR,2023-10-03 19:59:16
489,mazan,44.0568,5.1275,23.86,71,38,3.94,FR,2023-10-03 20:04:10
490,virac,13.6333,124.2167,23.49,86,100,4.6,PH,2023-10-03 20:04:10
491,severo-yeniseyskiy,60.3725,93.0408,3.65,97,100,4.92,RU,2023-10-03 20:04:10
492,korla,41.7597,86.1469,17.54,31,0,0.83,CN,2023-10-03 20:04:11
493,yerofey pavlovich,53.9667,121.9667,-0.97,77,100,1.96,RU,2023-10-03 20:04:11
494,nova vicosa,-17.8919,-39.3719,25.77,76,95,8.12,BR,2023-10-03 20:04:11
495,broome,42.2506,-75.833,28.65,59,20,2.57,US,2023-10-03 20:04:11
496,nikolayevsk-on-amure,53.1406,140.73,6.45,94,97,0.44,RU,2023-10-03 20:04:11
497,bardai,11.65,7.2333,23.8,68,100,1.62,NG,2023-10-03 20:04:11
498,awjilah,29.1081,21.2869,25.21,33,100,3.89,LY,2023-10-03 20:04:11
499,teshi old town,5.5836,-0.1072,27.31,83,20,5.66,GH,2023-10-03 20:04:11
500,cedeira,43.6797,-8.0209,18.32,77,21,9.27,ES,2023-10-03 20:04:12
501,barcelos,41.5388,-8.6151,23.84,73,85,1.21,PT,2023-10-03 20:04:12
502,tamanrasset,22.785,5.5228,25.95,29,40,3.09,DZ,2023-10-03 20:04:12
503,mutoko,-17.397,32.2268,15.87,41,0,3.5,ZW,2023-10-03 20:04:12
504,alofi,-19.0595,-169.9187,23.94,83,75,7.72,NU,2023-10-03 20:04:12
505,leticia,-4.2153,-69.9406,36.03,49,20,3.09,CO,2023-10-03 20:04:12
506,gazojak,41.1875,61.4036,19.23,24,1,4.2,TM,2023-10-03 20:04:12
507,usogorsk,63.4106,48.6872,6.48,69,100,4.45,RU,2023-10-03 20:04:13
508,morant bay,17.8815,-76.4093,33.17,77,61,2.8,JM,2023-10-03 20:04:13
509,arno,60.1167,18.6333,10.44,93,100,4.17,SE,2023-10-03 20:04:13
510,al bahah,20.0129,41.4677,22.68,25,0,3.15,SA,2023-10-03 20:04:13
511,neon karlovasion,37.7903,26.7044,23.28,67,0,6.28,GR,2023-10-03 20:04:13
512,leh,34.1667,77.5833,7.87,33,23,1.63,IN,2023-10-03 20:04:13
513,harsin,34.2721,47.5861,13.45,58,93,1.62,IR,2023-10-03 20:04:13
514,pollock pines,38.7613,-120.5866,21.5,42,0,2.57,US,2023-10-03 20:04:13
515,nar'yan-mar,67.6713,53.087,3.95,78,100,9.39,RU,2023-10-03 20:00:12
516,dahab,28.501,34.5134,28.64,41,66,6.05,EG,2023-10-03 20:04:14
517,puerto madero,14.7208,-92.4215,33.11,70,40,3.09,MX,2023-10-03 20:04:14
518,lospalos,-8.5186,127.0025,20.4,94,7,0.78,TL,2023-10-03 20:04:14
519,kataba,13.9833,44.3833,17.79,75,0,0.55,YE,2023-10-03 20:04:14
520,paris,48.8534,2.3488,15.64,72,0,2.06,FR,2023-10-03 19:53:38
521,timbuktu,16.7735,-3.0074,37.07,16,96,4.09,ML,2023-10-03 20:04:14
522,calama,-22.4667,-68.9333,24.27,15,0,8.23,CL,2023-10-03 20:04:14
523,daru,-9.0763,143.2092,25.07,81,98,4.87,PG,2023-10-03 20:04:15
524,tual,-5.6667,132.75,26.23,83,87,4.28,ID,2023-10-03 20:04:15
525,sudak,44.85,34.9667,10.88,51,0,2.87,UA,2023-10-03 20:04:10
526,saveh,35.0213,50.3566,22.17,37,96,3.89,IR,2023-10-03 20:04:15
527,dem'yanovo,60.3511,47.0842,11.32,80,100,4.1,RU,2023-10-03 20:04:15
528,crucecita,-28.95,-58.9833,26.37,68,46,3.43,AR,2023-10-03 20:04:15
529,surazh,53.0175,32.3918,13.49,61,92,6.27,RU,2023-10-03 20:04:15
530,yorkton,51.2167,-102.4677,9.91,93,100,8.23,CA,2023-10-03 20:01:39
531,lagoa,39.05,-27.9833,20.6,81,53,6.37,PT,2023-10-03 20:04:16
532,mersing,2.4312,103.8405,23.95,100,20,2.06,MY,2023-10-03 20:04:16
533,brisas de zicatela,15.8369,-97.0419,31.29,55,40,3.6,MX,2023-10-03 20:04:16
534,manismata,-2.4667,111.0333,22.08,93,9,1.02,ID,2023-10-03 20:04:16
535,buka,40.8108,69.1986,17.93,21,11,1.62,UZ,2023-10-03 20:04:16
536,la ronge,55.1001,-105.2842,11.12,81,75,3.09,CA,2023-10-03 20:04:16
537,benguela,-12.5763,13.4055,23.35,84,98,1.9,AO,2023-10-03 20:04:16
538,poronaysk,49.2167,143.1167,7.38,90,8,2.46,RU,2023-10-03 20:04:16
539,yangambi,0.8102,24.4336,22.57,95,70,1.23,CD,2023-10-03 20:04:16
540,tvoroyri,61.5556,-6.8111,9.36,72,99,8.9,FO,2023-10-03 20:04:17
541,antofagasta,-23.65,-70.4,17.6,67,9,5.68,CL,2023-10-03 20:04:17
542,ambodifotatra,-16.9833,49.85,24.05,79,7,4.76,MG,2023-10-03 20:04:17
543,as sulayyil,20.4607,45.5779,31.14,15,0,3.72,SA,2023-10-03 20:04:17
544,mandalgovi,45.7625,106.2708,3.52,67,0,2.56,MN,2023-10-03 20:04:17
545,long beach,33.767,-118.1892,31.02,66,0,5.66,US,2023-10-03 20:02:33
546,island harbour,50.724,-1.2758,15.55,80,96,1.34,GB,2023-10-03 20:04:17
547,valencia de alcantara,39.4115,-7.2444,22.87,33,31,1.48,ES,2023-10-03 20:04:17
548,aral,40.5156,81.2636,18.36,27,3,1.23,CN,2023-10-03 20:04:17
549,simoes filho,-12.7844,-38.4039,26.86,78,20,7.72,BR,2023-10-03 20:02:06
550,sao paulo de olivenca,-3.3783,-68.8725,40.3,21,20,2.32,BR,2023-10-03 20:04:18
551,kurumkan,54.3,110.3,-0.49,76,33,1.79,RU,2023-10-03 20:04:18
552,sagua la grande,22.8067,-80.0756,28.55,66,39,5.9,CU,2023-10-03 20:04:18
553,lhokseumawe,5.1801,97.1507,25.74,89,100,1.58,ID,2023-10-03 20:04:18
554,masterton,-40.9597,175.6575,6.6,63,1,1.02,NZ,2023-10-03 20:04:18
555,pisco,-13.7,-76.2167,22.03,68,0,8.75,PE,2023-10-03 20:04:18
556,humberto de campos,-2.5983,-43.4611,29.26,63,84,4.76,BR,2023-10-03 20:04:16
557,kyshtovka,56.555,76.6271,10.19,74,100,2.68,RU,2023-10-03 20:04:19
558,kolonia town,6.964,158.206,28.62,74,36,1.35,FM,2023-10-03 20:04:19
559,kimbe,-5.5502,150.1429,23.68,93,42,2.45,PG,2023-10-03 20:04:19
560,jayapura,-2.5333,140.7,25.66,92,77,2.09,ID,2023-10-03 20:04:19
561,bandiagara,14.3501,-3.6104,34.12,24,96,3.01,ML,2023-10-03 20:04:19
562,qom,34.6401,50.8764,24.19,33,82,5.12,IR,2023-10-03 20:04:20
563,bauchi,10.5,10.0,25.88,48,25,1.82,NG,2023-10-03 20:04:20
564,acarau,-2.8856,-40.12,27.7,68,77,8.49,BR,2023-10-03 20:04:20
565,pervomayskoye,43.919,46.7102,16.71,75,95,1.34,RU,2023-10-03 20:04:21
566,strezhevoy,60.7333,77.5889,9.98,87,97,0.45,RU,2023-10-03 20:04:21
567,tupiza,-21.45,-65.7167,28.2,4,13,8.9,BO,2023-10-03 20:04:21
568,ust'-kulom,61.6864,53.6902,6.87,96,100,1.58,RU,2023-10-03 20:04:21
